mregnard0,kT9/P||en4
fsplevings1,"zD7{yg3|""o+U>t"
eschober2,jS8#E'b`(H
acarrel3,"bE6`M14m2m""p"
kussher4,fF4}'E*By7
jlucks5,yI7<\BHE4zYQH
gdoy6,nT0}.8*FoE\{%8
mmicheu7,"rE4+sv+|"
tismail8,uZ0/nz`$/t=9
sbenbrick9,"mZ5#Ek""hs(uP"
acowlea,pK3/u'lq3Y
bcaffb,kG8=?pWB5Ob
vmacdermandc,iK3=s/AQbz3ByZ'.
gemmanuelid,tR5!~O/|5W
jlehuquete,tJ0'ptU+!AF
lprebblef,pG3%Tfy<s
bhanseg,xW3>%!l+Dy#<R#6
ndelacourth,hM2+pb~ys/K\l
adipietroi,dE5/7yeLqQQXl'Qp
acorcoranj,vC6=geFpOCx?4
dboobyerk,"iN1*@XlfsSChJ8A"
rwoolmingtonl,zS4.ij(ib
fbergeaum,"eZ9w2cqmxkX"
gbadlandn,iZ8}5Dk=/H
fudaleo,qL0)bAb'+(|H0UUu
